,NormGroupID,tourname,toursite,company,tourlink,gosite,tourimage,tourday,price,earlierGoDate,create_date,renew_date,tourSpecial,GoDate,Attraction,Day,TravelPoint,Breakfast,Lunch,Dinner,Hotel
0,23TWTCWHB02A,【精緻小包團】芳苑牛車初體驗2日、成美文化園、八卦山風景區,彰化,五福旅遊,https://domestic.lifetour.com.tw/detail/23TWTCWHB02A#CWH02BB24N16T01,['台北'],https://static.lifetour.info/eWeb_lifetour/IMGDB/003145/003280/00093022.JPG/500x-,2,7000,2024/11/23,2024/10/22,2024-10-30 23:00:49,,"['2024-11-02', '2024-11-09', '2024-11-16', '2024-11-23', '2024-11-30', '2024-12-07', '2024-12-14', '2024-12-21', '2024-12-28', '2024-12-07', '2024-12-14', '2024-12-21', '2024-12-28']",[],"[1, 2]",[],"[' 敬請自理\n', ' 飯店早餐\n']","[' 成美文化園松柏軒套餐(630+10%/人)\n', ' 風味']","[' 鹿港老街自理', ' 敬請自理']",['鹿港永樂酒店或同級']
1,17TWTILNBTCA,《一日小旅行》六人成行~勇闖神秘401高地～龜山島登島，城堡咖啡１日,宜蘭,五福旅遊,https://domestic.lifetour.com.tw/detail/17TWTILNBTCA#ILN01BB24N01T01,['台北'],https://static.lifetour.info/eWeb_lifetour/IMGDB/003178/003203/003205/00091661.JPG/500x-,1,2999,2024/11/09,2024/10/22,2024-10-30 23:00:32,,"['2024-11-02', '2024-11-03', '2024-11-09', '2024-11-10', '2024-11-16', '2024-11-17', '2024-11-23', '2024-11-24', '2024-11-30', '2024-12-01', '2024-12-07', '2024-12-08', '2024-12-14', '2024-12-15', '2024-12-21', '2024-12-22', '2024-12-28', '2024-12-29', '2024-12-01', '2024-12-07', '2024-12-08', '2024-12-14', '2024-12-15', '2024-12-21', '2024-12-22', '2024-12-28', '2024-12-29']",[],[1],[],[' 自理\n'],[' 自理\n'],[' 自理'],[]
2,23TWTCYIA02C,【緣定劍湖山】劍湖山世界、千巧谷、古坑綠色隧道２日,嘉義,五福旅遊,https://domestic.lifetour.com.tw/detail/23TWTCYIA02C#YUN02BB24N15T01,['台北'],https://static.lifetour.info/eWeb_lifetour/IMGDB/001854/00090732.JPG/500x-,2,5300,2024/11/9,2024/10/22,2024/10/22 03:08,,"['2024-11-02', '2024-11-03', '2024-11-09', '2024-11-10', '2024-11-16', '2024-11-17', '2024-11-23', '2024-11-24', '2024-11-30', '2024-11-02', '2024-11-03', '2024-11-09', '2024-11-10', '2024-11-16', '2024-11-17', '2024-11-23', '2024-11-24', '2024-11-30']",[],"[1, 2]",[],"[' 敬請自理\n', ' 飯店內用\n']","[' 特色風味', ' 園區自理\n']","[' 飯店自助式', ' 敬請自理']",['劍湖山渡假飯店或同級']
3,24TWTTNNC02A,府城情懷台南２日～德陽艦925、老塘湖、深緣及水善糖園區,台南,五福旅遊,https://domestic.lifetour.com.tw/detail/24TWTTNNC02A#TNN02BB24D21T01,['台北'],https://static.lifetour.info/eWeb_lifetour/IMGDB/003178/003194/003196/00094754.jpg/500x-,2,4300,2024/11/09,2024/10/22,2024-10-30 23:02:03,,"['2024-12-21', '2024-12-21']",[],"[1, 2]",[],"[' 敬請自理\n', ' 飯店內用\n']","[' 老街自理\n', ' 風味']","[' 敬請自理', ' 敬請自理']",['榮美金鬱金香酒店/榮興金鬱金香酒店或同級']
4,23TWTNTOA02A,【精緻小包團】武界部落觀雲海、妮娜巧克力城堡２日,南投,五福旅遊,https://domestic.lifetour.com.tw/detail/23TWTNTOA02A#NTO02BB24N08T04,['台北'],https://static.lifetour.info/eWeb_lifetour/IMGDB/001913/002022/002035/00044793.JPG/500x-,2,6800,2024/11/15,2024/10/22,2024-10-30 23:00:35,,"['2024-11-01', '2024-11-02', '2024-11-03', '2024-11-04', '2024-11-07', '2024-11-08', '2024-11-09', '2024-11-10', '2024-11-12', '2024-11-13', '2024-11-15', '2024-11-16', '2024-11-17', '2024-11-19', '2024-11-20', '2024-11-22', '2024-11-23', '2024-11-24', '2024-11-25', '2024-11-28', '2024-11-29', '2024-11-30', '2024-11-01', '2024-11-02', '2024-11-03', '2024-11-04', '2024-11-07', '2024-11-08', '2024-11-09', '2024-11-10', '2024-11-12', '2024-11-13', '2024-11-15', '2024-11-16', '2024-11-17', '2024-11-19', '2024-11-20', '2024-11-22', '2024-11-23', '2024-11-24', '2024-11-25', '2024-11-28', '2024-11-29', '2024-11-30', '2024-11-01', '2024-11-02', '2024-11-03', '2024-11-04', '2024-11-07', '2024-11-08', '2024-11-09', '2024-11-10', '2024-11-12', '2024-11-13', '2024-11-15', '2024-11-16', '2024-11-17', '2024-11-19', '2024-11-20', '2024-11-22', '2024-11-23', '2024-11-24', '2024-11-25', '2024-11-28', '2024-11-29', '2024-11-30']",[],"[1, 2]",[],"[' 敬請自理\n', ' 民宿早餐\n']","[' 中式風味餐(NT300/人)\n', ' 部落特色風味']","[' 民宿風味餐+烤肉', ' 敬請自理']","['武界雲海民宿/武界休閒民宿或同級', '溫暖的家']"
5,24TWKNTO02A,六人成行～杉林溪2日,南投,五福旅遊,https://domestic.lifetour.com.tw/detail/24TWKNTO02A,['高雄'],https://static.lifetour.info/eWeb_lifetour/IMGDB/003178/003235/003237/00092141.JPG/500x-,2,6640,2024/11/16,2024/10/22,2024-10-30 23:01:07,,"['2024-11-02', '2024-11-16', '2024-11-23', '2024-12-14', '2024-12-28', '2024-12-14', '2024-12-28']",[],"[1, 2]",[],"['', ' 飯店內早餐\n']","[' 杉林溪主題會館', ' 自理\n']","[' 杉林溪大飯店', ' 溫暖的家']","['杉林溪森林渡假園區-大飯店', '甜蜜的家']"
6,23TWTNTOBT08,【漫步南投】清境農場、漫遊日月潭、喝喝茶紅茶體驗2日,南投,五福旅遊,https://domestic.lifetour.com.tw/detail/23TWTNTOBT08#NTO02BB24N15T05,['台北'],https://static.lifetour.info/eWeb_lifetour/IMGDB/001913/002022/002065/00044993.JPG/500x-,2,3650,2024/11/15,2024/10/22,2024/10/22 03:08,,"['2024-11-01', '2024-11-15', '2024-11-29', '2024-12-06', '2024-12-20', '2025-01-10']",[],"[1, 2]",[],"['', ' 飯店早餐\n']","[' 清境農場自理\n', ' 水社碼頭自理\n']","[' 飯店內中式桌餐(NT3,500/桌)', ' 敬請自理']","['日月潭瑞居飯店或同級', '溫暖的家']"
7,23TWTNTOC02D,【精緻小包團】溪頭、杉林溪芬多精之旅、微熱山丘2日,台中,五福旅遊,https://domestic.lifetour.com.tw/detail/23TWTNTOC02D#NTO02BB24N15T01,['台北'],https://static.lifetour.info/eWeb_lifetour/IMGDB/003178/003235/003237/00091831.JPG/500x-,2,5800,2024//,2024/10/22,2024-10-30 23:02:10,,"['2024-12-14', '2024-12-14', '2024-12-14']",[],"[1, 2]",[],"['', ' 滿意堂餐廳早餐\n']","[' 妖怪村商圈自理\n', ' 滿意堂餐廳 300/人\n']","[' 滿意堂餐廳-自助式', ' 敬請自理']","['杉林溪主題會館', '溫暖的家']"
8,24TWKNTO03A,2024倒數計時-日月潭跨年煙火二日遊,南投,五福旅遊,https://domestic.lifetour.com.tw/detail/24TWKNTO03A#NTO02BB24D31K01,['高雄'],https://static.lifetour.info/eWeb_lifetour/IMGDB/003178/003235/003237/00091804.JPG/500x-,2,4100,2024/12/31,2024/10/22,2024/10/22 03:09,,"['2024-12-31', '2024-12-31']",[],"[1, 2]",[],"['', ' 飯店早餐\n']","[' 自理\n', ' 自理']","[' 瑪蓋旦風味', '']",['太和日月館或同級']
9,23TWTKLUB01A,【四人成行】觀巴精選~和平島、潮境公園1日,基隆,五福旅遊,https://domestic.lifetour.com.tw/detail/23TWTKLUB01A#KLU01BB24N02T02,['台北'],https://static.lifetour.info/eWeb_lifetour/IMGDB/003178/003260/003262/00095301.JPG/500x-,1,1480,2024/11/09,2024/10/22,2024-10-30 23:00:26,,"['2024-11-01', '2024-11-02', '2024-11-08', '2024-11-15', '2024-11-16', '2024-11-22', '2024-11-29', '2024-11-30', '2024-12-06', '2024-12-07', '2024-12-13', '2024-12-14', '2024-12-20', '2024-12-27', '2024-12-28', '2025-01-03', '2025-01-04', '2025-01-10', '2025-01-11', '2025-01-18']",[],[1],[],[' 敬請自理\n'],[' 在地特色小吃\n'],[' 敬請自理'],[]
10,23TWTKLUN01C,【精緻小包團】新地標基隆塔、望幽谷、外木山濱海步道1日,基隆,五福旅遊,https://domestic.lifetour.com.tw/detail/23TWTKLUN01C#KLU01BB24N16T01,['台北'],https://static.lifetour.info/eWeb_lifetour/IMGDB/003178/003260/003262/00098739.JPG/500x-,1,1550,2024/11/16,2024/10/22,2024-10-30 23:01:18,,"['2024-11-02', '2024-11-09', '2024-11-16', '2024-11-23', '2024-11-30', '2024-12-07', '2024-12-14', '2024-12-21', '2024-12-28', '2024-12-07', '2024-12-14', '2024-12-21', '2024-12-28']",[],[1],[],[' 敬請自理\n'],[' 基隆廟口自理\n'],[' 敬請自理'],[]
11,23TWTKHHA02A,港都風情~高雄悠遊2日~田寮海底龍宮、月世界、大港橋,高雄,五福旅遊,https://domestic.lifetour.com.tw/detail/23TWTKHHA02A#KHH02BB24N16T01,['台北'],https://static.lifetour.info/eWeb_lifetour/IMGDB/003178/003270/003272/00092044.PNG/500x-,2,3690,2024/11/15,2024/10/22,2024-10-30 23:02:16,,"['2024-11-01', '2024-11-02', '2024-11-03', '2024-11-08', '2024-11-09', '2024-11-10', '2024-11-15', '2024-11-16', '2024-11-17', '2024-11-22', '2024-11-23', '2024-11-24', '2024-11-29', '2024-11-30', '2024-11-01', '2024-11-02', '2024-11-03', '2024-11-08', '2024-11-09', '2024-11-10', '2024-11-15', '2024-11-16', '2024-11-17', '2024-11-22', '2024-11-23', '2024-11-24', '2024-11-29', '2024-11-30', '2024-11-01', '2024-11-02', '2024-11-03', '2024-11-08', '2024-11-09', '2024-11-10', '2024-11-15', '2024-11-16', '2024-11-17', '2024-11-22', '2024-11-23', '2024-11-24', '2024-11-29', '2024-11-30']",[],"[1, 2]",[],"[' 敬請自理\n', ' 飯店早餐\n']","[' 旗津風景區自理\n', ' 風味']","[' 敬請自理', ' 敬請自理']",['康橋商旅或同級']
12,25TWKHHK02A,茂林賞蝶.六龜賞花2日遊,高雄,五福旅遊,https://domestic.lifetour.com.tw/detail/25TWKHHK02A#KHH02BB25112K01,['高雄'],https://static.lifetour.info/eWeb_lifetour/IMGDB/001873/00050310.jpg/500x-,2,4000,2024/1/12,2024/10/22,2024/10/22 03:09,,"['2025-01-12', '2025-01-19', '2025-02-09', '2025-02-16', '2025-02-23', '2025-03-02', '2025-03-09', '2025-03-16', '2025-03-23']",[],"[1, 2]",[],"['', ' 渡假村內\n']","[' 風味合菜\n', ' 自理']","[' 渡假村中式合菜', '']",['寶來不老溫泉渡假村或同級']
13,23TWTTXGK02C,【六人成行】觀巴精選~武陵四季風情1日,台中,五福旅遊,https://domestic.lifetour.com.tw/detail/23TWTTXGK02C#TXG01BB24N02T01,['台北'],https://static.lifetour.info/eWeb_lifetour/IMGDB/003178/003183/003185/00091265.JPG/500x-,1,1699,2024/11/09,2024/10/22,2024-10-30 23:01:08,,"['2024-11-02', '2024-11-03', '2024-11-09', '2024-11-10', '2024-11-16', '2024-11-17', '2024-11-23', '2024-11-24', '2024-11-30', '2024-12-01', '2024-12-07', '2024-12-08', '2024-12-14', '2024-12-15', '2024-12-21', '2024-12-22', '2024-12-28', '2024-12-29', '2024-12-01', '2024-12-07', '2024-12-08', '2024-12-14', '2024-12-15', '2024-12-21', '2024-12-22', '2024-12-28', '2024-12-29']",[],[1],[],[''],[' 中式餐盒'],[''],[]
14,24TWKTXGB02B,六人成行~台中享自在.古蹟眷村.日系百貨.后豐單車二日遊,台東,五福旅遊,https://domestic.lifetour.com.tw/detail/24TWKTXGB02B#TXG02BB24N08K01,['高雄'],https://static.lifetour.info/eWeb_lifetour/IMGDB/001873/00090455.JPG/500x-,2,5700,2024/11/09,2024/10/22,2024-10-30 23:02:14,,"['2024-11-02', '2024-11-03', '2024-11-09', '2024-11-10', '2024-11-16', '2024-11-17', '2024-11-23', '2024-11-24', '2024-11-30', '2024-11-02', '2024-11-03', '2024-11-09', '2024-11-10', '2024-11-16', '2024-11-17', '2024-11-23', '2024-11-24', '2024-11-30', '2024-11-02', '2024-11-03', '2024-11-09', '2024-11-10', '2024-11-16', '2024-11-17', '2024-11-23', '2024-11-24', '2024-11-30']",[],"[1, 2]",[],"['', ' 飯店早餐\n']","[' 自理\n', ' 味味香客家庭園餐廳(餐標$1680+10%/桌+1瓶飲料)']","[' 自理', '']","['台中輕行旅或同級', '溫暖的家']"
15,23TWTTXGG02C,【四人成行】觀巴精選~武陵農場、雪霸國家公園豐富遊2日,台中,五福旅遊,https://domestic.lifetour.com.tw/detail/23TWTTXGG02C#TXG02BB24N08T01,['台北'],https://static.lifetour.info/eWeb_lifetour/IMGDB/003178/003183/003185/00097764.JPG/500x-,2,5280,2024/11/8,2024/10/22,2024/10/22 03:09,,"['2024-11-01', '2024-11-02', '2024-11-03', '2024-11-08', '2024-11-09', '2024-11-10', '2024-11-15', '2024-11-16', '2024-11-17', '2024-11-22', '2024-11-23', '2024-11-24', '2024-11-29', '2024-11-30', '2024-11-01', '2024-11-02', '2024-11-03', '2024-11-08', '2024-11-09', '2024-11-10', '2024-11-15', '2024-11-16', '2024-11-17', '2024-11-22', '2024-11-23', '2024-11-24', '2024-11-29', '2024-11-30']",[],"[1, 2]",[],"['', ' 飯店內用\n']","[' 中式便當\n', ' 飯店內自助餐\n']","[' 飯店自助餐', ' 敬請自理']",['武陵賓館或同級']
16,24TWTPCH03A,高屏生態輕鬆遊～壽山動物園、看海美術館、屏東農業水族館３日,屏東,五福旅遊,https://domestic.lifetour.com.tw/detail/24TWTPCH03A#PCH03BB24D14T01,['台北'],https://static.lifetour.info/eWeb_lifetour/IMGDB/003178/003244/003247/00092269.jpg/500x-,3,7500,2024/11/17,2024/10/22,2024-10-30 23:02:20,,"['2024-11-03', '2024-11-10', '2024-11-17', '2024-11-24', '2024-11-03', '2024-11-10', '2024-11-17', '2024-11-24', '2024-12-01', '2024-12-08', '2024-12-15', '2024-12-22', '2024-12-29']",[],"[1, 2, 3]",[],"[' 自理\n', ' 飯店內用\n', ' 飯店內用\n']","[' 風味桌餐\n', ' 風味', ' 風味桌餐']","[' 方便逛街,敬請自理', ' 飯店中式桌餐', '']","['捷絲旅高雄中正館或同級', '小墾丁渡假村或同級', '溫暖的家']"
17,24TWTPCHS03K,安泰銀行~墾丁海韻悠然之旅3日,屏東,五福旅遊,https://domestic.lifetour.com.tw/detail/24TWTPCHS03K#PCH03BB24D20T02,['高雄'],https://static.lifetour.info/eWeb_lifetour/IMGDB/003178/003244/003245/00113812.JPG/500x-,3,15000,2024/11/16,2024/10/22,2024-10-30 23:05:04,,"['2024-11-02', '2024-11-09', '2024-11-16', '2024-11-23', '2024-11-30', '2024-11-02', '2024-11-09', '2024-11-16', '2024-11-23', '2024-11-30', '2024-12-07', '2024-12-14', '2024-12-21', '2024-12-28']",[],"[1, 2, 3]",[],"['', ' 飯店自助式早餐\n', ' 飯店自助式早餐\n']","[' 佳珍海產餐廳\n', ' 山下人家\n', ' 林家萬巒豬腳']","[' 飯店內自助餐', ' 墾丁大街&發放代金', '']","['墾丁夏都沙灘酒店', '墾丁夏都沙灘酒店']"
18,23TWTMALA01A,【四人成行】觀巴精選~苗栗馬拉邦山森林步道1日,苗栗,五福旅遊,https://domestic.lifetour.com.tw/detail/23TWTMALA01A#MAL01BB24N02T02,['台北'],https://static.lifetour.info/eWeb_lifetour/IMGDB/003178/003248/003250/00096828.jpg/500x-,1,1400,2024/11/09,2024/10/22,2024-10-30 23:00:42,,"['2024-11-02', '2024-11-03', '2024-11-09', '2024-11-10', '2024-11-16', '2024-11-17', '2024-11-23', '2024-11-24', '2024-11-30', '2024-12-01', '2024-12-07', '2024-12-08', '2024-12-14', '2024-12-15', '2024-12-21', '2024-12-22', '2024-12-28', '2024-12-29', '2024-12-01', '2024-12-07', '2024-12-08', '2024-12-14', '2024-12-15', '2024-12-21', '2024-12-22', '2024-12-28', '2024-12-29']",[],[1],[],[' 敬請自理\n'],[' 西點餐盒\n'],[' 敬請自理'],[]
19,23TWTMALA01B,【四人成行】觀巴精選~苗栗雪見自然風光1日,苗栗,五福旅遊,https://domestic.lifetour.com.tw/detail/23TWTMALA01B#MAL01BB24N02T03,['台北'],https://static.lifetour.info/eWeb_lifetour/IMGDB/001913/002082/003142/00090704.png/500x-,1,1590,2024/11/09,2024/10/22,2024-10-30 23:02:46,,"['2024-11-02', '2024-11-03', '2024-11-09', '2024-11-10', '2024-11-16', '2024-11-17', '2024-11-23', '2024-11-24', '2024-11-30', '2024-11-02', '2024-11-03', '2024-11-09', '2024-11-10', '2024-11-16', '2024-11-17', '2024-11-23', '2024-11-24', '2024-11-30', '2024-11-02', '2024-11-03', '2024-11-09', '2024-11-10', '2024-11-16', '2024-11-17', '2024-11-23', '2024-11-24', '2024-11-30']",[],[1],[],[' 敬請自理\n'],[' 西點餐盒\n'],[' 敬請自理'],[]
20,24TWTMALF01C,【四人成行】觀巴精選~苗栗南庄向天湖1日,苗栗,五福旅遊,https://domestic.lifetour.com.tw/detail/24TWTMALF01C#MAL01BB24N02T01,['台北'],https://static.lifetour.info/eWeb_lifetour/IMGDB/003178/003248/003250/00093932.jpg/500x-,1,1380,2024/11/09,2024/10/22,2024-10-30 23:06:55,,"['2024-11-01', '2024-11-02', '2024-11-03', '2024-11-04', '2024-11-05', '2024-11-06', '2024-11-07', '2024-11-08', '2024-11-09', '2024-11-10', '2024-11-11', '2024-11-12', '2024-11-13', '2024-11-14', '2024-11-15', '2024-11-16', '2024-11-17', '2024-11-18', '2024-11-19', '2024-11-20', '2024-11-21', '2024-11-22', '2024-11-23', '2024-11-24', '2024-11-25', '2024-11-26', '2024-11-27', '2024-11-28', '2024-11-29', '2024-11-30', '2024-11-01', '2024-11-02', '2024-11-03', '2024-11-04', '2024-11-05', '2024-11-06', '2024-11-07', '2024-11-08', '2024-11-09', '2024-11-10', '2024-11-11', '2024-11-12', '2024-11-13', '2024-11-14', '2024-11-15', '2024-11-16', '2024-11-17', '2024-11-18', '2024-11-19', '2024-11-20', '2024-11-21', '2024-11-22', '2024-11-23', '2024-11-24', '2024-11-25', '2024-11-26', '2024-11-27', '2024-11-28', '2024-11-29', '2024-11-30', '2024-12-01', '2024-12-02', '2024-12-03', '2024-12-04', '2024-12-05', '2024-12-06', '2024-12-07', '2024-12-08', '2024-12-09', '2024-12-10', '2024-12-11', '2024-12-12', '2024-12-13', '2024-12-14', '2024-12-15', '2024-12-16', '2024-12-17', '2024-12-18', '2024-12-19', '2024-12-20', '2024-12-21', '2024-12-22', '2024-12-23', '2024-12-24', '2024-12-25', '2024-12-26', '2024-12-27', '2024-12-28', '2024-12-29', '2024-12-30', '2024-12-31']",[],[1],[],[''],[' 客家風味小吃'],[''],[]
21,23TWTMALA02A,【精緻小包團】大湖草莓季~泰安泡湯2日,苗栗,五福旅遊,https://domestic.lifetour.com.tw/detail/23TWTMALA02A#MAL02BB24N17T01,['台北'],https://static.lifetour.info/eWeb_lifetour/IMGDB/003178/003248/003250/00093283.jpg/500x-,2,6700,2024/11/11,2024/10/22,2024-10-30 23:09:17,,"['2024-11-01', '2024-11-02', '2024-11-04', '2024-11-05', '2024-11-06', '2024-11-07', '2024-11-08', '2024-11-09', '2024-11-10', '2024-11-11', '2024-11-12', '2024-11-13', '2024-11-14', '2024-11-15', '2024-11-16', '2024-11-17', '2024-11-18', '2024-11-19', '2024-11-20', '2024-11-21', '2024-11-22', '2024-11-23', '2024-11-24', '2024-11-25', '2024-11-26', '2024-11-27', '2024-11-28', '2024-11-29', '2024-11-30', '2024-12-01', '2024-12-02', '2024-12-03', '2024-12-04', '2024-12-05', '2024-12-06', '2024-12-07', '2024-12-08', '2024-12-09', '2024-12-10', '2024-12-11', '2024-12-12', '2024-12-13', '2024-12-14', '2024-12-15', '2024-12-16', '2024-12-17', '2024-12-18', '2024-12-19', '2024-12-20', '2024-12-21', '2024-12-22', '2024-12-23', '2024-12-24', '2024-12-25', '2024-12-27', '2024-12-28', '2024-12-29', '2024-12-30', '2024-12-31', '2024-12-01', '2024-12-02', '2024-12-03', '2024-12-04', '2024-12-05', '2024-12-06', '2024-12-07', '2024-12-08', '2024-12-09', '2024-12-10', '2024-12-11', '2024-12-12', '2024-12-13', '2024-12-14', '2025-01-12', '2025-01-13', '2025-01-14', '2025-01-15', '2025-01-16', '2025-01-17', '2025-01-18', '2025-01-19', '2025-01-20', '2025-01-21', '2025-01-22', '2025-01-24', '2025-01-25', '2025-01-26', '2025-01-27', '2025-01-28']",[],"[1, 2]",[],"[' 敬請自理\n', ' 飯店早餐\n']","[' 卓也小屋-自助式蔬食養生鍋\n', ' 鄉村客棧桌餐(NT380元/人)\n']","[' 飯店內用', ' 敬請自理']","['泰安湯唯溫泉飯店或同級或同級', '溫暖的家']"
22,15TWTTTCATTC,縱情台東山海風情三日(火車來回),台東,五福旅遊,https://domestic.lifetour.com.tw/detail/15TWTTTCATTC#TTT03TT24N08T01,['台北'],https://static.lifetour.info/eWeb_lifetour/IMGDB/001913/001932/001934/00044004.JPG/500x-,3,8000,2024/11/17,2024/10/22,2024-10-30 23:05:25,,"['2024-11-17', '2024-11-22', '2024-11-23', '2024-11-24', '2024-11-29', '2024-11-30', '2024-12-01', '2024-12-06', '2024-12-07', '2024-12-08', '2024-12-13', '2024-12-14', '2024-12-15', '2024-12-20', '2024-12-21', '2024-12-22', '2024-12-27', '2024-12-28', '2024-12-29', '2025-01-03', '2025-01-04', '2025-01-05', '2025-01-10', '2025-01-11', '2025-01-12', '2025-01-17', '2025-01-18', '2025-01-19']",[],"[1, 2, 3]",[],"[' 敬請自理\n', ' 飯店早餐\n', ' 飯店早餐\n']","[' 敬請自理\n', ' 敬請自理\n', ' 敬請自理\n']","[' 敬請自理', ' 敬請自理', ' 敬請自理']","['依所選飯店或同級', '自選飯店或同級']"
23,24TWKTTTB02A,六人成行~台東輕鬆二日遊,台東,五福旅遊,https://domestic.lifetour.com.tw/detail/24TWKTTTB02A#TTT02BB24N09K01,['高雄'],https://static.lifetour.info/eWeb_lifetour/IMGDB/003178/003190/003192/00091384.JPG/500x-,2,6700,2024/12/31,2024/10/22,2024-10-30 23:07:29,,"['2024-12-31', '2024-12-31', '2024-12-31']",[],"[1, 2]",[],"['', ' 飯店早餐\n']","[' 自理\n', ' ']","[' 酒店', '']","['台東知本世紀金聯酒店或同級', '溫暖的家']"
24,24TWKTTTB02B,台東知本泡湯跨年二日遊,台東,五福旅遊,https://domestic.lifetour.com.tw/detail/24TWKTTTB02B#TTT02BB24D31K01,['高雄'],https://static.lifetour.info/eWeb_lifetour/IMGDB/003178/003190/003192/00091384.JPG/500x-,2,5600,2024/11/13,2024/10/22,2024-10-30 23:09:56,,"['2024-11-01', '2024-11-02', '2024-11-03', '2024-11-04', '2024-11-05', '2024-11-06', '2024-11-07', '2024-11-08', '2024-11-09', '2024-11-10', '2024-11-11', '2024-11-12', '2024-11-13', '2024-11-14', '2024-11-15', '2024-11-16', '2024-11-17', '2024-11-18', '2024-11-19', '2024-11-20', '2024-11-21', '2024-11-22', '2024-11-23', '2024-11-24', '2024-11-25', '2024-11-26', '2024-11-27', '2024-11-28', '2024-11-29', '2024-11-30', '2024-12-01', '2024-12-02', '2024-12-03', '2024-12-04', '2024-12-05', '2024-12-06', '2024-12-07', '2024-12-08', '2024-12-09', '2024-12-10', '2024-12-11', '2024-12-12', '2024-12-13', '2024-12-14', '2024-12-15', '2024-12-16', '2024-12-17', '2024-12-18', '2024-12-19', '2024-12-20', '2024-12-21', '2024-12-22', '2024-12-23', '2024-12-24', '2024-12-25', '2024-12-26', '2024-12-27', '2024-12-28', '2024-12-29', '2024-12-30', '2024-12-31', '2025-01-01', '2025-01-02', '2025-01-03', '2025-01-04', '2025-01-05', '2025-01-06', '2025-01-07', '2025-01-08', '2025-01-09', '2025-01-10', '2025-01-11', '2025-01-12', '2025-01-13', '2025-01-14', '2025-01-15', '2025-01-16', '2025-01-17', '2025-01-18', '2025-01-19', '2025-01-20', '2025-01-21']",[],"[1, 2]",[],"['', ' 飯店早餐\n']","[' 池上飯包\n', ' 風味合菜']","[' 酒店', '']","['台東知本世紀金聯酒店或同級', '溫暖的家']"
25,23TWTPCHBKKA,【兩人成行】與海龜共遊~小琉球自由行2日,屏東,五福旅遊,https://domestic.lifetour.com.tw/detail/23TWTPCHBKKA#PCH02BB24N01T01,['高雄'],https://static.lifetour.info/eWeb_lifetour/IMGDB/003178/003244/003246/00091838.JPG/500x-,2,3950,2024/11/1,2024/10/22,2024/10/22 03:09,,"['2024-11-01', '2024-11-02', '2024-11-03', '2024-11-08', '2024-11-09', '2024-11-10', '2024-11-15', '2024-11-16', '2024-11-17', '2024-11-22', '2024-11-23', '2024-11-24', '2024-11-29', '2024-11-30', '2024-12-01', '2024-12-06', '2024-12-07', '2024-12-08', '2024-12-13', '2024-12-14', '2024-12-15', '2024-12-20', '2024-12-21', '2024-12-22', '2024-12-27', '2024-12-28', '2024-12-29', '2024-12-01', '2024-12-06', '2024-12-07', '2024-12-08', '2024-12-13', '2024-12-14', '2024-12-15', '2024-12-20', '2024-12-21', '2024-12-22', '2024-12-27', '2024-12-28', '2024-12-29']",[],"[1, 2]",[],"[' 敬請自理\n', ' 民宿早餐\n']","[' 敬請自理\n', ' 敬請自理\n']","[' BBQ吃到飽', ' 敬請自理']",['琉夏萊旅店或海明珠二館或同級']
26,23TWTPCHBKKB,【兩人成行】海島FUN鬆漫活~小琉球愜意自由行3日,屏東,五福旅遊,https://domestic.lifetour.com.tw/detail/23TWTPCHBKKB#PCH03BB24N08T01,['高雄'],https://static.lifetour.info/eWeb_lifetour/IMGDB/003178/003244/003246/00094882.jpg/500x-,3,5350,2024/11/8,2024/10/22,2024/10/22 03:10,,"['2024-11-01', '2024-11-02', '2024-11-08', '2024-11-09', '2024-11-15', '2024-11-16', '2024-11-22', '2024-11-23', '2024-11-29', '2024-11-30', '2024-12-06', '2024-12-07', '2024-12-13', '2024-12-14', '2024-12-20', '2024-12-21', '2024-12-27', '2024-12-28', '2024-12-06', '2024-12-07', '2024-12-13', '2024-12-14', '2024-12-20', '2024-12-21', '2024-12-27', '2024-12-28']",[],"[1, 2, 3]",[],"[' 敬請自理\n', ' 民宿早餐\n', ' 民宿早餐\n']","[' 敬請自理\n', ' 敬請自理\n', ' 敬請自理\n']","[' BBQ吃到飽', ' 敬請自理', ' 敬請自理']","['琉夏萊旅店或海明珠二館或同級', '琉夏萊旅店或海明珠二館或同級']"
27,23TWTCYIC02A,【精緻小包團】日出印象~就是要阿里山看日出2日,嘉義,五福旅遊,https://domestic.lifetour.com.tw/detail/23TWTCYIC02A#CYI02BB24N09T01,['台北'],https://static.lifetour.info/eWeb_lifetour/IMGDB/001913/001963/001971/00044247.JPG/500x-,2,6300,2024/11/09,2024/10/22,2024-10-30 23:01:37,,"['2024-11-02', '2024-11-03', '2024-11-09', '2024-11-10', '2024-11-16', '2024-11-17', '2024-11-23', '2024-11-24', '2024-11-30', '2024-12-01', '2024-12-07', '2024-12-08', '2024-12-14', '2024-12-15', '2024-12-21', '2024-12-22', '2024-12-28', '2024-12-29', '2024-12-01', '2024-12-07', '2024-12-08', '2024-12-14', '2024-12-15', '2024-12-21', '2024-12-22', '2024-12-28', '2024-12-29']",[],"[1, 2]",[],"[' 敬請自理\n', ' 飯店早餐\n']","[' 奮起湖便當\n', ' 阿里山風味']","[' 阿里山風味', ' 敬請自理']","['阿里山高山青/禾豐別墅', '溫暖的家']"
28,20TWKCHYB01D,【六人成行】阿里山台版合掌村、HANA廚房、奮起湖老街１日,嘉義,五福旅遊,https://domestic.lifetour.com.tw/detail/20TWKCHYB01D#CHY01BB24N10K01,['高雄'],https://static.lifetour.info/eWeb_lifetour/IMGDB/003178/003227/003229/00091788.JPG/500x-,1,1490,2024/11/15,2024/10/22,2024-10-30 23:02:21,,"['2024-11-01', '2024-11-02', '2024-11-03', '2024-11-08', '2024-11-09', '2024-11-10', '2024-11-15', '2024-11-16', '2024-11-17', '2024-11-22', '2024-11-23', '2024-11-24', '2024-11-29', '2024-11-30', '2024-11-01', '2024-11-02', '2024-11-03', '2024-12-13', '2024-12-14', '2024-12-15', '2024-12-20', '2024-12-21', '2024-12-22', '2024-12-27', '2024-12-28', '2024-12-29', '2025-01-03', '2025-01-04', '2024-12-01', '2024-12-06', '2024-12-07', '2024-12-08', '2024-12-13', '2024-12-14', '2024-12-15', '2024-12-20', '2024-12-21', '2024-12-22', '2024-12-27', '2024-12-28', '2024-12-29']",[],[1],[],[''],[' HANA廚房敬請自理'],[''],[]
29,23TWTCHYB03,【精緻小包團】來去阿里山住一晚、太平雲梯３日~小火車觀日出,嘉義,五福旅遊,https://domestic.lifetour.com.tw/detail/23TWTCHYB03#CHY03BB24N15T01,['台北'],https://static.lifetour.info/eWeb_lifetour/IMGDB/001913/001963/001971/00044240.JPG/500x-,3,8500,2024/11/09,2024/10/22,2024-10-30 23:07:08,,"['2024-11-01', '2024-11-02', '2024-11-03', '2024-11-04', '2024-11-05', '2024-11-06', '2024-11-07', '2024-11-08', '2024-11-09', '2024-11-10', '2024-11-11', '2024-11-12', '2024-11-13', '2024-11-14', '2024-11-15', '2024-11-16', '2024-11-17', '2024-11-19', '2024-11-20', '2024-11-21', '2024-11-22', '2024-11-23', '2024-11-24', '2024-11-25', '2024-11-26', '2024-11-27', '2024-11-28', '2024-11-29', '2024-11-30', '2024-12-01', '2024-12-02', '2024-12-03', '2024-12-04', '2024-12-05', '2024-12-06', '2024-12-07', '2024-12-08', '2024-12-09', '2024-12-10', '2024-12-11', '2024-12-12', '2024-12-13', '2024-12-14', '2024-12-15', '2024-12-16', '2024-12-17', '2024-12-18', '2024-12-19', '2024-12-20', '2024-12-21', '2024-12-22', '2024-12-23', '2024-12-24', '2024-12-25', '2024-12-26', '2024-12-27', '2024-12-28', '2024-12-29', '2024-12-30', '2024-12-31', '2025-01-01', '2025-01-02', '2025-01-03', '2025-01-04', '2025-01-05', '2025-01-06', '2025-01-07', '2025-01-08', '2025-01-09', '2025-01-10', '2025-01-11', '2025-01-12', '2025-01-13', '2025-01-14', '2025-01-15', '2025-01-16', '2025-01-17', '2025-01-18', '2025-01-19', '2025-01-20', '2025-01-21', '2025-01-22', '2025-01-23']",[],"[1, 2, 3]",[],"[' ｘ\n', ' 飯店提供\n', ' 飯店提供\n']","[' 奮起湖老街自理\n', ' 高山合菜風味餐(NT300/人)\n', ' 太平老街自理']","[' 高山合菜風味NT(300/人)', ' 文化路夜市自理', '']","['阿里山高山青飯店或同級', '嘉義蘭桂坊花園或同級']"
30,23TWTMZGTHOX,澎湖喜來登自由行三日~送機車使用56H,澎湖,五福旅遊,https://domestic.lifetour.com.tw/detail/23TWTMZGTHOX#PEH03AA24N01T01,['台北'],https://static.lifetour.info/eWeb_lifetour/IMGDB/003178/003207/003209/00096470.JPG/500x-,3,8888,2024/11/13,2024/10/22,2024-10-30 23:11:33,,"['2024-11-05', '2024-11-10', '2024-11-13', '2024-11-17', '2024-11-19', '2024-11-21', '2024-11-23', '2024-11-27', '2024-11-29', '2024-11-05', '2024-11-10', '2024-11-13', '2024-11-17', '2024-11-19', '2024-11-21', '2024-11-23', '2024-11-27', '2024-11-29']",[],"[1, 2, 3]",[],"[' 自理\n', ' 飯店早餐\n', ' 飯店早餐\n']","[' 自理\n', ' 自理\n', ' 敬請自理\n']","[' 自理', ' 自理', ' 溫暖的家']","['福朋喜來登或同級', '福朋喜來登或同級', '溫暖的家']"
31,24TWTMZGTHOC,促銷~澎湖自由行三日~住和田或和寓 送機車使用56H,澎湖,五福旅遊,https://domestic.lifetour.com.tw/detail/24TWTMZGTHOC#PEH03AA24N01T03,['台北'],https://static.lifetour.info/eWeb_lifetour/IMGDB/003178/003207/003209/00096473.JPG/500x-,3,5188,2024/11/13,2024/10/22,2024-10-30 23:12:06,,"['2024-11-03', '2024-11-07', '2024-11-11', '2024-11-13', '2024-11-16', '2024-11-03', '2024-11-07', '2024-11-11', '2024-11-13', '2024-11-16']",[],"[1, 2, 3]",[],"[' 自理\n', ' 自理\n', ' 敬請自理\n']","[' 自理\n', ' 自理\n', ' 敬請自理\n']","[' 自理', ' 自理', ' 溫暖的家']","['和田大飯店(大床房型) 或 和寓旅店 ZZ Inn(大床房型)或同級', '和田大飯店(大床房型) 或 和寓旅店 ZZ Inn(大床房型)或同級', '溫暖的家']"
32,24TWTMZGTHOX,澎湖澎澄自由行三日~送機車使用56H,澎湖,五福旅遊,https://domestic.lifetour.com.tw/detail/24TWTMZGTHOX#PEH03AA24N04T02,['台北'],https://static.lifetour.info/eWeb_lifetour/IMGDB/003178/003207/003209/00093019.PNG/500x-,3,6788,2024/11/19,2024/10/22,2024-10-30 23:13:02,,"['2024-11-05', '2024-11-09', '2024-11-19', '2024-11-28', '2024-11-05', '2024-11-09', '2024-11-19', '2024-11-28', '2024-11-05', '2024-11-09', '2024-11-19', '2024-11-28']",[],"[1, 2, 3]",[],"[' 自理\n', ' 飯店早餐\n', ' 飯店早餐\n']","[' 自理\n', ' 自理\n', ' 敬請自理\n']","[' 自理', ' 自理', ' 溫暖的家']","['澎湖澎澄飯店或同級', '澎澄飯店或同級', '溫暖的家']"
33,20TWKMZGAMGC,二人成行-冬季澎湖自由行三日(五星飯店),澎湖,五福旅遊,https://domestic.lifetour.com.tw/detail/20TWKMZGAMGC#PEH03AC24N05K01,['高雄'],https://static.lifetour.info/eWeb_lifetour/IMGDB/001913/001925/001953/001955/00061464.JPG/500x-,3,7250,2024/11/17,2024/10/22,2024-10-30 23:13:37,,"['2024-11-10', '2024-11-17', '2024-11-24', '2024-11-10', '2024-11-17', '2024-11-24']",[],"[1, 2, 3]",[],"[' 敬請自理\n', ' 飯店早餐\n', ' 飯店早餐\n']","[' 敬請自理\n', ' 敬請自理\n', ' 敬請自理\n']","[' 敬請自理', ' 敬請自理', ' 敬請自理']",[]
34,23TWTHSHB01C,【四人成行】觀巴精選~雪霸觀霧森呼吸1日遊,新竹,五福旅遊,https://domestic.lifetour.com.tw/detail/23TWTHSHB01C#HSH01BB24N02T01,['台北'],https://static.lifetour.info/eWeb_lifetour/IMGDB/001913/001982/002001/00044519.JPG/500x-,1,1499,2024/11/16,2024/10/22,2024-10-30 23:00:51,,"['2024-11-02', '2024-11-09', '2024-11-16', '2024-11-23', '2024-11-30', '2024-12-07', '2024-12-14', '2024-12-21', '2024-12-28', '2024-12-07', '2024-12-14', '2024-12-21', '2024-12-28']",[],[1],[],[' 敬請自理\n'],[' 敬請自理\n'],[' 敬請自理'],[]
35,23TWTHSHE01A,【四人成行】觀巴精選~新竹山上人家歐風假期1日,新竹,五福旅遊,https://domestic.lifetour.com.tw/detail/23TWTHSHE01A,['台北'],https://static.lifetour.info/eWeb_lifetour/IMGDB/003178/003199/003202/00097583.JPG/500x-,1,1420,2024/12/21,2024/10/22,2024-10-30 23:01:48,,"['2024-11-02', '2024-11-03', '2024-11-09', '2024-11-10', '2024-11-16', '2024-11-17', '2024-11-23', '2024-11-24', '2024-11-30', '2024-11-02', '2024-11-03', '2024-11-09', '2024-11-10', '2024-11-16', '2024-11-17', '2024-11-23', '2024-11-24', '2024-11-30', '2024-12-01', '2024-12-07', '2024-12-08', '2024-12-14', '2024-12-15', '2024-12-21', '2024-12-22', '2024-12-28', '2024-12-29']",[],[1],[],[' 敬請自理\n'],[' 敬請自理\n'],[' 敬請自理'],[]
36,13TWTHSHMM23,《山林部落》六人台北成行~上帝的部落.司馬庫斯，鎮西堡雙巨木群３日,新竹,五福旅遊,https://domestic.lifetour.com.tw/detail/13TWTHSHMM23#HSH03BB24N08T01,['台北'],https://static.lifetour.info/eWeb_lifetour/IMGDB/001873/00090514.jpg/500x-,3,12688,2024/11/22,2024/10/22,2024-10-30 23:02:30,,"['2024-11-01', '2024-11-08', '2024-11-15', '2024-11-22', '2024-11-29', '2024-12-06', '2024-12-13', '2024-12-20', '2024-12-27', '2024-12-06', '2024-12-13', '2024-12-20', '2024-12-27']",[],"[1, 2, 3]",[],"['', ' 部落早餐\n', ' 部落早餐\n']","[' 宇老地區', ' 敬請自理\n', ' 司馬庫斯部落套餐']","[' 新光部落或鎮西堡部落\u3000', ' 司馬庫斯部落套餐', '']","['司馬庫斯', '司馬庫斯']"
37,15TWTHSHMKUA,《看見台灣》森鄰旅行-新光部落 鎮西堡巨木群二日~六人成行,新竹,五福旅遊,https://domestic.lifetour.com.tw/detail/15TWTHSHMKUA#HSH02BB24N08T01,['台北'],https://static.lifetour.info/eWeb_lifetour/IMGDB/003178/003199/003202/00091569.JPG/500x-,2,6888,2024/11/13,2024/10/22,2024-10-30 23:06:57,,"['2024-11-01', '2024-11-03', '2024-11-05', '2024-11-07', '2024-11-09', '2024-11-11', '2024-11-13', '2024-11-15', '2024-11-17', '2024-11-19', '2024-11-21', '2024-11-23', '2024-11-25', '2024-11-27', '2024-11-29', '2024-12-01', '2024-12-03', '2024-12-05', '2024-12-07', '2024-12-09', '2024-12-11', '2024-12-13', '2024-12-15', '2024-12-17', '2024-12-19', '2024-12-21', '2024-12-23', '2024-12-25', '2024-12-27', '2024-12-29', '2024-12-31', '2025-01-01', '2025-01-03', '2025-01-05', '2025-01-07', '2025-01-09', '2025-01-11', '2025-01-13', '2025-01-15', '2025-01-17', '2025-01-19', '2025-01-21', '2025-01-23']",[],"[1, 2]",[],"['', ' 民宿早餐\n']","[' 宇老地區餐廳\n', ' 自理\n']","[' 部落', ' 敬請自理']",['溫暖的家']
38,23TWTHSHA02A,【兩人成行】觀巴精選~雪霸觀霧自然假期2日,新竹,五福旅遊,https://domestic.lifetour.com.tw/detail/23TWTHSHA02A#HSH02BB24N08T02,['台北'],https://static.lifetour.info/eWeb_lifetour/IMGDB/001913/001982/002001/00044516.JPG/500x-,2,5580,2024/11/8,2024/10/22,2024/10/22 03:10,,"['2024-11-01', '2024-11-02', '2024-11-08', '2024-11-09', '2024-11-15', '2024-11-16', '2024-11-22', '2024-11-23', '2024-11-29', '2024-11-30', '2024-12-06', '2024-12-07', '2024-12-13', '2024-12-14', '2024-12-20', '2024-12-21', '2024-12-27', '2024-12-28', '2024-12-06', '2024-12-07', '2024-12-13', '2024-12-14', '2024-12-20', '2024-12-21', '2024-12-27', '2024-12-28']",[],"[1, 2]",[],"['', ' 農場內用\n']","[' 雪霸農場-中式自助餐\n', ' 中式自助餐\n']","[' 雪霸農場-中式自助餐', ' 敬請自理']","['雪霸休閒農場', '溫暖的家']"
39,21TWTHSHB01C,一日輕旅漫遊~17公里海岸線、合興車站１日遊,新竹,五福旅遊,https://domestic.lifetour.com.tw/detail/21TWTHSHB01C#HSH01BB24N09T03,['台北'],https://static.lifetour.info/eWeb_lifetour/IMGDB/001913/001982/003144/00090710.jpeg/500x-,1,499,2024/11/9,2024/10/22,2024/10/22 03:11,,"['2024-11-09', '2024-11-30', '2024-12-07', '2024-12-21', '2024-12-07', '2024-12-21']",[],[1],[],[' 敬請自理\n'],[' 內灣老街自理\n'],[' 敬請自理'],['溫暖的家']
40,13TWTHSHMKUS,《看見台灣》聖誕限定晚會 司馬庫斯.巨木步道森林浴二日／台北出發,新竹,五福旅遊,https://domestic.lifetour.com.tw/detail/13TWTHSHMKUS,['台北'],https://static.lifetour.info/eWeb_lifetour/IMGDB/000185/000196/00014329.JPG/500x-,2,5200,2024/11/23,2024/10/22,2024/10/22 03:11,,"['2024-11-23', '2024-11-30', '2024-12-28', '2024-12-28']",[],"[1, 2]",[],"['', '']","[' 宇老地區無菜單料理或精緻', ' 司馬庫斯部落個人套餐']","[' 司馬庫斯部落個人套餐', '']",['溫暖的家']
41,15TWTKMNAGDC,金門金好玩大小金門三日(金門大橋、太武山、建功嶼),金門,五福旅遊,https://domestic.lifetour.com.tw/detail/15TWTKMNAGDC#KMN03AA24N05T01,['台北'],https://static.lifetour.info/eWeb_lifetour/IMGDB/000189/000208/00010620.JPG/500x-,3,8680,2024/11/18,2024/10/22,2024-10-30 23:12:38,,"['2024-11-09', '2024-11-11', '2024-11-18', '2024-11-24', '2024-11-09', '2024-11-11', '2024-11-18', '2024-11-24']",[],"[1, 2, 3]",[],"['', ' 早餐\n', ' 飯店早餐\n']","[' 金門廣東粥套餐 105元/人\n', ' 金門風味餐 350元/人\n', ' 自理']","[' 海鮮特色餐 350元/人', ' 戰地牛肉餐 350元/人', '']","['金門自選飯店等級', '金門自選飯店等級']"
42,24TWKKMNKMND,大小金門 建功嶼摩西分海 海陸大滿貫 三日-台南出發,金門,五福旅遊,https://domestic.lifetour.com.tw/detail/24TWKKMNKMND#KMN03AA24N05K01,['台南'],https://static.lifetour.info/eWeb_lifetour/IMGDB/000189/000208/00010620.JPG/500x-,3,10900,2024/11/13,2024/10/22,2024-10-30 23:13:00,,"['2024-11-06', '2024-11-13', '2024-11-20', '2024-11-27', '2024-11-06', '2024-11-13', '2024-11-20', '2024-11-27', '2024-11-06', '2024-11-13', '2024-11-20', '2024-11-27']",[],"[1, 2, 3]",[],"['', ' 飯店早餐\n', ' 飯店早餐\n']","[' 金門風味餐300/人\n', ' 金門風味餐300/人\n', ' 金門風味餐300/人']","[' 金門風味餐300/人', ' 圓頭溫體牛肉火鍋無限量888/人(個人獨享鍋)', '']","['海福花園或同級', '海福花園或同級']"
43,24TWKKMNKMNE,大小金門三日 遊大膽島,金門,五福旅遊,https://domestic.lifetour.com.tw/detail/24TWKKMNKMNE#KMN03AA24N05K02,['高雄'],https://static.lifetour.info/eWeb_lifetour/IMGDB/000189/000208/00010620.JPG/500x-,3,8500,2024/11/5,2024/10/22,2024/10/22 03:11,,"['2024-11-05', '2024-11-09', '2024-11-19', '2024-11-28', '2024-11-05', '2024-11-09', '2024-11-19', '2024-11-28']",[],"[1, 2, 3]",[],"['', ' 飯店早餐\n', ' 飯店早餐\n']","[' X\n', ' 金門風味餐200/人\n', ' X']","[' 風味小吃牛肉或豬肉或蔬菜麵', ' 金門風味餐300/人', '']","['金沙假日或同級', '金沙假日或同級']"
44,24TWKKMNKMNC,大小金門 建功嶼摩西分海 海陸大滿貫 三日,金門,五福旅遊,https://domestic.lifetour.com.tw/detail/24TWKKMNKMNC#KMN03AA24N09K01,['高雄'],https://static.lifetour.info/eWeb_lifetour/IMGDB/000189/000208/00010620.JPG/500x-,3,10900,2024/11/9,2024/10/22,2024/10/22 03:12,,"['2024-11-09', '2024-11-11', '2024-11-18', '2024-11-24', '2024-11-09', '2024-11-11', '2024-11-18', '2024-11-24']",[],"[1, 2, 3]",[],"['', ' 飯店早餐\n', ' 飯店早餐\n']","[' 金門風味餐300/人\n', ' 金門風味餐300/人\n', ' 金門風味餐300/人']","[' 金門風味餐300/人', ' 圓頭溫體牛肉火鍋無限量888/人(個人獨享鍋)', '']","['海福花園或同級', '海福花園或同級']"
45,24TWTMZWONB,六人成行~馬祖藍眼淚~台版鹿兒島北海坑道搖櫓追淚三日,馬祖,五福旅遊,https://domestic.lifetour.com.tw/detail/24TWTMZWONB#MZW03AA24O29T01,['台北'],https://static.lifetour.info/eWeb_lifetour/IMGDB/003178/003253/003256/00091976.JPG/500x-,3,12480,2024/10/29,2024/10/22,2024/10/22 03:11,,"['2024-10-23', '2024-10-24', '2024-10-26', '2024-10-27', '2024-10-28', '2024-10-29', '2024-10-30', '2024-10-31', '2024-10-23', '2024-10-24', '2024-10-26', '2024-10-27', '2024-10-28', '2024-10-29', '2024-10-30', '2024-10-31']",[],"[1, 2, 3]",[],"['', ' 早餐\n', ' 早餐\n']","[' 馬祖風味餐３５０元／人\n', ' 風味', ' 自理']","[' 馬祖風味餐３５０元／人', ' 海鮮風味', '']","['馬祖飯店或民宿\u3000旺季無法指定', '馬祖飯店或民宿\u3000旺季無法指定']"
46,24TWTMZWB03K,《高雄出發》2024年高雄直航馬祖~南、北竿三日遊,馬祖,五福旅遊,https://domestic.lifetour.com.tw/detail/24TWTMZWB03K#MZW03AA24N06K02,['高雄'],https://static.lifetour.info/eWeb_lifetour/IMGDB/003178/003253/003256/00091995.JPG/500x-,3,12700,2024/11/6,2024/10/22,2024/10/22 03:11,,"['2024-11-06', '2024-11-13', '2024-11-20', '2024-11-27', '2024-11-06', '2024-11-13', '2024-11-20', '2024-11-27']",[],"[1, 2, 3]",[],"['', ' 民宿早餐\n', ' 民宿早餐\n']","[' 自理\n', ' 馬祖風味餐(350元/人)\n', ' 敬請自理']","[' 馬祖大餅+酸菜魚(400元/人)', ' 海鮮痛風餐或海盜鍋 (550元/人)', '']","['A檔：南北竿 當地同等級民宿或飯店', 'A檔：南北竿 當地同等級民宿或飯店']"
47,23TWRMZWA03K,馬祖南北竿三日遊(台中出發),馬祖,五福旅遊,https://domestic.lifetour.com.tw/detail/23TWRMZWA03K#MZW03AA24N07K01,['台中'],https://static.lifetour.info/eWeb_lifetour/IMGDB/003178/003253/003256/00091998.JPG/500x-,3,9500,2024/11/7,2024/10/22,2024/10/22 03:12,,"['2024-11-03', '2024-11-07', '2024-11-11', '2024-11-13', '2024-11-16', '2024-11-03', '2024-11-07', '2024-11-11', '2024-11-13', '2024-11-16']",[],"[1, 2, 3]",[],"[' 敬請自理\n', ' 民宿享用\n', ' 民宿享用\n']","[' 敬請自理\n', ' 馬祖風味小吃老酒麵線+黃金餃\n', ' 馬祖風味餐$350/人']","[' 敬請自理', ' 海鮮痛風餐$550/人', '']","['A檔民宿或同級', 'A檔民宿或同級', '溫暖的家']"
48,24TWTMZWC03K,2024年高雄直航馬祖~南、北竿三日遊,馬祖,五福旅遊,https://domestic.lifetour.com.tw/detail/24TWTMZWC03K#MZW03AA24N08K01,['高雄'],https://static.lifetour.info/eWeb_lifetour/IMGDB/003178/003253/003256/00091995.JPG/500x-,3,12400,2024/11/8,2024/10/22,2024/10/22 03:13,,"['2024-11-08', '2024-11-08']",[],"[1, 2, 3]",[],"['', ' 民宿早餐\n', ' 民宿早餐\n']","[' 自理\n', ' 馬祖風味餐(350元/人)\n', ' 敬請自理']","[' 馬祖大餅+酸菜魚(400元/人)', ' 海鮮痛風餐或海盜鍋 (550元/人)', '']","['A檔：南北竿 當地同等級民宿或飯店', 'A檔：南北竿 當地同等級民宿或飯店']"
49,24TWTMZWA04K,2024年高雄直航馬祖~南、北竿+莒光(東.西莒)四日遊,馬祖,五福旅遊,https://domestic.lifetour.com.tw/detail/24TWTMZWA04K#MZW04AA24N10K01,['高雄'],https://static.lifetour.info/eWeb_lifetour/IMGDB/003178/003253/003256/00091995.JPG/500x-,4,16250,2024/11/10,2024/10/22,2024/10/22 03:13,,"['2024-11-10', '2024-11-17', '2024-11-24', '2024-11-10', '2024-11-17', '2024-11-24']",[],"[1, 2, 3, 4]",[],"['', ' 民宿早餐\n', '', ' 民宿早餐\n']","[' 自理\n', ' 馬祖風味餐(350元/人)\n', ' 馬祖風味餐(350元/人)\n', ' 敬請自理']","[' 馬祖大餅+酸菜魚(400元/人)', ' 馬祖風味餐(350元/人)', ' 馬祖風味餐(350元/人)', '']","['A檔：南北竿 當地同等級民宿或飯店', 'A檔：東、西莒 當地同等級民宿或飯店', 'A檔：南北竿 當地同等級民宿或飯店或同級']"
50,20TWTHWACNYB,《新春玩蛇麼》金蛇迎春~豪情花東山海風情三日（火車來回）,花蓮,五福旅遊,https://domestic.lifetour.com.tw/detail/20TWTHWACNYB#HWA03TT25128T01,['台北'],https://static.lifetour.info/eWeb_lifetour/IMGDB/001873/00067120.JPG/500x-,3,13500,2024/01/28,2024-10-30,2024-10-30 23:08:49,,"['2025-01-28', '2025-01-29', '2025-01-30', '2025-01-31', '2025-01-28', '2025-01-29', '2025-01-30', '2025-01-31', '2025-01-28', '2025-01-29', '2025-01-30', '2025-01-31']",[],"[1, 2, 3]",[],"['', ' 飯店早餐', ' 飯店早餐']","[' 中式合菜', ' 中式合菜', ' 風味']","[' 自助式', ' 自助式', ' 便當']","['台東自選飯店', '台東自選飯店']"
51,15TWTMZGCNYA,《新春玩蛇麼》金蛇迎春~澎湖走春三日-入住澎澄飯店或喜來登飯店,澎湖,五福旅遊,https://domestic.lifetour.com.tw/detail/15TWTMZGCNYA#PEH03AA25125T01,['台北'],https://static.lifetour.info/eWeb_lifetour/IMGDB/003178/003207/003209/00096458.JPG/500x-,3,16000,2024/01/25,2024-10-30,2024-10-30 23:14:02,,"['2025-01-25', '2025-01-26', '2025-01-29', '2025-01-30', '2025-01-31', '2025-01-25', '2025-01-26', '2025-01-29', '2025-01-30', '2025-01-31']",[],"[1, 2, 3]",[],"['', ' 飯店早餐', ' 飯店早餐']","[' 海鮮風味餐600/人', ' 風味合菜600/人', ' 敬請自理']","[' 彭湃海鮮餐800/人', ' 喜來登自助式', '']","['澎澄飯店', '澎澄飯店']"
52,24TWTGNITCNY,《新春玩蛇麼》金蛇迎春愛戀綠島自由行三日(含餐食)火車來回,綠島,五福旅遊,https://domestic.lifetour.com.tw/detail/24TWTGNITCNY#GNI03TT25124T01,['台北'],https://static.lifetour.info/eWeb_lifetour/IMGDB/003178/003219/003221/00091677.JPG/500x-,3,11288,2024/01/24,2024-10-30,2024-10-30 23:11:43,,"['2025-01-24', '2025-01-25', '2025-01-26', '2025-01-27', '2025-01-28', '2025-01-29', '2025-01-30', '2025-01-31', '2025-01-24', '2025-01-25', '2025-01-26', '2025-01-27', '2025-01-28', '2025-01-29', '2025-01-30', '2025-01-31', '2025-01-24', '2025-01-25', '2025-01-26', '2025-01-27', '2025-01-28', '2025-01-29', '2025-01-30', '2025-01-31']",[],"[1, 2, 3]",[],"[' 自理', ' 飯店自助式早餐', ' 飯店早餐']","[' 精緻餐盒', ' 風味', ' 自理']","[' 風味', ' 風味', ' 鐵路便當']","['綠島凱薪、綠島之星、海洋之家、享綠島、統祥、綠堤 或同級或同級', '綠島凱薪、綠島之星、海洋之家、享綠島、統祥、綠堤 或同級或同級']"
53,25TWTGNITCNY,《新春玩蛇麼》金蛇迎春~綠島輕鬆自由行三日(火車來回),綠島,五福旅遊,https://domestic.lifetour.com.tw/detail/25TWTGNITCNY#GNI03TT25124T02,['台北'],https://static.lifetour.info/eWeb_lifetour/IMGDB/003178/003219/003221/00095468.jpg/500x-,3,10088,2024/01/24,2024-10-30,2024-10-30 23:12:52,,"['2025-01-24', '2025-01-25', '2025-01-26', '2025-01-27', '2025-01-28', '2025-01-29', '2025-01-30', '2025-01-31', '2025-02-21', '2025-02-22', '2025-02-23', '2025-02-24', '2025-02-25', '2025-02-26', '2025-02-27', '2025-02-28', '2025-02-21', '2025-02-22', '2025-02-23', '2025-02-24', '2025-02-25', '2025-02-26', '2025-02-27', '2025-02-28']",[],"[1, 2, 3]",[],"[' 自理', ' 飯店自助式早餐', ' 飯店早餐']","[' 自理', '', ' 自理']","[' 自理', '', ' 自理']","['綠島凱薪、綠島之星、海洋之家、享綠島、統祥、綠堤 或同級或同級', '綠島凱薪、綠島之星、海洋之家、享綠島、統祥、綠堤 或同級或同級']"
54,25TWTGNITCN4,《新春玩蛇麼》金蛇迎春~綠島輕鬆自由行四日(火車來回),綠島,五福旅遊,https://domestic.lifetour.com.tw/detail/25TWTGNITCN4#GNI04TT25125T01,['台北'],https://static.lifetour.info/eWeb_lifetour/IMGDB/003178/003219/003221/00099145.JPG/500x-,4,12288,2024/01/25,2024-10-30,2024-10-30 23:13:44,,"['2025-01-25', '2025-01-26', '2025-01-27', '2025-01-28', '2025-01-29', '2025-01-30', '2025-01-31', '2025-02-01', '2025-02-02', '2025-02-01', '2025-02-02']",[],"[1, 2, 3, 4]",[],"[' 自理', ' 飯店早餐', ' 飯店早餐', ' 飯店早餐']","[' 自理', '', ' 自理', '']","[' 自理', '', ' 自理', '']","['綠島凱薪、綠島之星、海洋之家、享綠島、統祥、綠堤 或同級或同級', '綠島凱薪、綠島之星、海洋之家、享綠島、統祥、綠堤 或同級或同級']"
55,15TWTGNITGNA,《新春玩蛇麼》金蛇迎春～台東綠島溫泉SPA三日遊,綠島,五福旅遊,https://domestic.lifetour.com.tw/detail/15TWTGNITGNA#TTT03TT25129T03,['台北'],https://static.lifetour.info/eWeb_lifetour/IMGDB/003178/003219/003221/00094037.JPG/500x-,3,14000,2024/01/29,2024-10-30,2024-10-30 23:14:25,,"['2025-01-29', '2025-01-30', '2025-01-29', '2025-01-30']",[],"[1, 2, 3]",[],"[' 敬請自理', ' 飯店早餐', ' 飯店早餐']","[' 精緻盒餐', ' 風味', ' 風味']","[' 風味', ' 飯店自助', ' 自理']","['綠島海洋之家或同級或同級', '台東自選飯店或同級']"
56,17TWTGNITGNA,《新春玩蛇麼》金蛇迎春~縱情台東 南橫風華 三日,台東,五福旅遊,https://domestic.lifetour.com.tw/detail/17TWTGNITGNA#TTT03TT25128T01,['台北'],https://static.lifetour.info/eWeb_lifetour/IMGDB/003178/003190/003192/00091379.JPG/500x-,3,15400,2024/01/28,2024-10-30,2024-10-30 23:13:48,,"['2025-01-28', '2025-01-29', '2025-01-30', '2025-01-31', '2025-01-28', '2025-01-29', '2025-01-30', '2025-01-31']",[],"[1, 2, 3]",[],"[' 敬請自理', ' 飯店早餐', ' 飯店早餐']","[' 風味', ' 風味盒餐', ' 風味合菜']","[' 自助', ' 自助', ' 便當']","['台東自選飯店或同級', '台東自選飯店或同級']"
57,23TWTGNITGNA,《新春玩蛇麼》金蛇迎春~台東南迴風光IG打卡 三日,台東,五福旅遊,https://domestic.lifetour.com.tw/detail/23TWTGNITGNA#TTT03TT25128T02,['台北'],https://static.lifetour.info/eWeb_lifetour/IMGDB/003178/003190/003192/00091376.JPG/500x-,3,14600,2024/01/28,2024-10-30,2024-10-30 23:14:25,,"['2025-01-28', '2025-01-29', '2025-01-30', '2025-01-28', '2025-01-29', '2025-01-30']",[],"[1, 2, 3]",[],"[' 敬請自理', ' 飯店早餐', ' 飯店早餐']","[' 風味', ' 風味', ' 風味合菜']","[' 自助', ' 自助', ' 鐵路便當']","['台東自選飯店或同級', '台東自選飯店或同級']"
58,24TWKKMN03F,6人成行~金門3日迷你團,金門,五福旅遊,https://domestic.lifetour.com.tw/detail/24TWKKMN03F#KMN03AA24D01K01,['高雄'],https://static.lifetour.info/eWeb_lifetour/IMGDB/001401/00093515.JPG/500x-,3,8099,2024/12/01,2024-10-30,2024-10-30 23:19:25,,"['2024-12-01', '2024-12-02', '2024-12-03', '2024-12-04', '2024-12-05', '2024-12-06', '2024-12-07', '2024-12-08', '2024-12-09', '2024-12-10', '2024-12-11', '2024-12-12', '2024-12-13', '2024-12-14', '2024-12-15', '2024-12-16', '2024-12-17', '2024-12-18', '2024-12-19', '2024-12-20', '2024-12-21', '2024-12-22', '2024-12-23', '2024-12-24', '2024-12-25', '2024-12-26', '2024-12-27', '2024-12-28', '2024-12-29', '2025-01-02', '2025-01-05', '2025-01-06', '2025-01-07', '2025-01-08', '2025-01-09', '2025-01-10', '2025-01-11', '2025-01-12', '2025-01-13', '2025-01-14', '2025-01-15', '2025-01-16', '2025-01-17', '2025-01-18', '2025-01-19', '2025-01-20', '2025-01-21', '2025-01-22', '2025-01-23', '2025-01-24', '2025-01-25', '2025-01-30', '2025-01-31', '2025-01-02', '2025-01-05', '2025-01-06', '2025-01-07', '2025-01-08', '2025-01-09', '2025-01-10', '2025-01-11', '2025-01-12', '2025-01-13', '2025-01-14', '2025-01-15', '2025-01-16', '2025-01-17', '2025-01-18', '2025-01-19', '2025-01-20', '2025-01-21', '2025-01-22', '2025-01-23', '2025-01-24', '2025-01-25', '2025-01-30', '2025-01-31']",[],"[1, 2, 3]",[],"[' 敬請自理', ' 飯店內', ' 飯店早餐']","[' 敬請自理', ' 廣東粥+油條', ' 敬請自理']","[' 道地金門牛肉麵', ' 逛街敬請自理', ' 敬請自理']","['海豚灣民宿 或 海豚灣II館海景民宿 或 愛渡假 或 二姊的家或同級', '海豚灣民宿 或 海豚灣II館海景民宿 或 愛渡假 或 二姊的家或同級', '溫暖的家']"
59,23TWTKMNACNY,《新春玩蛇麼》金蛇迎春~新春遊大小金門三日,金門,五福旅遊,https://domestic.lifetour.com.tw/detail/23TWTKMNACNY#KMN03AA25125T01,['台北'],https://static.lifetour.info/eWeb_lifetour/IMGDB/000189/000208/00010620.JPG/500x-,3,12888,2024/01/25,2024-10-30,2024-10-30 23:19:36,,"['2025-01-25', '2025-01-29', '2025-01-30', '2025-01-31', '2025-02-01', '2025-02-02', '2025-02-01', '2025-02-02']",[],"[1, 2, 3]",[],"['', ' 早餐', ' 早餐']","[' 金門風味餐 400/人', ' 風味', '']","[' 金門風味餐 800/人', ' 戰地牛肉風味餐 或 牛肉吃到飽火鍋 700 元/人(以旅行社安排為主)', '']","['金沙大地或同級', '金沙大地或同級']"
60,24TWTKMNACNY,金蛇迎春~新春遊大小金門三日住宿昇恆昌金湖飯店,金門,五福旅遊,https://domestic.lifetour.com.tw/detail/24TWTKMNACNY#KMN03AA25125T02,['台北'],https://static.lifetour.info/eWeb_lifetour/IMGDB/000189/000208/00010620.JPG/500x-,3,17888,2024/01/25,2024-10-30,2024-10-30 23:19:44,,"['2025-01-25', '2025-01-26', '2025-01-27', '2025-01-28', '2025-01-29', '2025-01-30', '2025-01-31', '2025-02-01', '2025-02-01']",[],"[1, 2, 3]",[],"['', ' 早餐', ' 早餐']","[' 金門風味餐 400/人', ' 風味', '']","[' 金門風味餐 800/人', ' 戰地牛肉風味餐 或 牛肉吃到飽火鍋 700 元/人(以旅行社安排為主)', '']","['昇恆昌金湖飯店', '昇恆昌金湖飯店']"
